hostname,os,environment,country,node
ATDEU001,AIX,Testing,Germany,1
LSDEU001,Linux,Staging,Germany,1
LDFRA001,Linux,Development,France,1
ASESP001,AIX,Staging,Spain,1
SSIRL001,Solaris,Staging,Ireland,1
LDIRL001,Linux,Development,Ireland,1
LPFRA001,Linux,Production,France,1
STDEU001,Solaris,Testing,Germany,1
LDIRL002,Linux,Development,Ireland,2
LPDEU001,Linux,Production,Germany,1
SIDEU001,Solaris,Integration,Germany,1
LSDEU002,Linux,Staging,Germany,2
SIDEU002,Solaris,Integration,Germany,2
ASESP002,AIX,Staging,Spain,2
LPIRL001,Linux,Production,Ireland,1
LDESP001,Linux,Development,Spain,1
APESP001,AIX,Production,Spain,1
STDEU002,Solaris,Testing,Germany,2
SIIRL001,Solaris,Integration,Ireland,1
LSESP001,Linux,Staging,Spain,1
SIIRL002,Solaris,Integration,Ireland,2
LIITA001,Linux,Integration,Italy,1
HPITA001,HP-UX,Production,Italy,1
HPIRL001,HP-UX,Production,Ireland,1
LSFRA001,Linux,Staging,France,1
APESP002,AIX,Production,Spain,2
SSIRL002,Solaris,Staging,Ireland,2
SPESP001,Solaris,Production,Spain,1
LTIRL001,Linux,Testing,Ireland,1
SIITA001,Solaris,Integration,Italy,1
STITA001,Solaris,Testing,Italy,1
LDESP002,Linux,Development,Spain,2
HPIRL002,HP-UX,Production,Ireland,2
LTDEU001,Linux,Testing,Germany,1
APESP003,AIX,Production,Spain,3
HTESP001,HP-UX,Testing,Spain,1
LPITA001,Linux,Production,Italy,1
SPESP002,Solaris,Production,Spain,2
SSIRL003,Solaris,Staging,Ireland,3
SSIRL004,Solaris,Staging,Ireland,4
LPNOR001,Linux,Production,Norway,1
LTITA001,Linux,Testing,Italy,1
LSIRL001,Linux,Staging,Ireland,1
STIRL001,Solaris,Testing,Ireland,1
ASIRL001,AIX,Staging,Ireland,1
HPESP001,HP-UX,Production,Spain,1
LSIRL002,Linux,Staging,Ireland,2
APDEU001,AIX,Production,Germany,1
STDEU003,Solaris,Testing,Germany,3
HSESP001,HP-UX,Staging,Spain,1
SPESP003,Solaris,Production,Spain,3
ADIRL001,AIX,Development,Ireland,1
HSDEU001,HP-UX,Staging,Germany,1
LSITA001,Linux,Staging,Italy,1
SPESP004,Solaris,Production,Spain,4
LPDEU002,Linux,Production,Germany,2
LIFRA001,Linux,Integration,France,1
LDNOR001,Linux,Development,Norway,1
STIRL002,Solaris,Testing,Ireland,2
STITA002,Solaris,Testing,Italy,2
HPITA002,HP-UX,Production,Italy,2
AIIRL001,AIX,Integration,Ireland,1
LSFRA002,Linux,Staging,France,2
LSDEU003,Linux,Staging,Germany,3
HPIRL003,HP-UX,Production,Ireland,3
LPNOR002,Linux,Production,Norway,2
SSESP001,Solaris,Staging,Spain,1
HTITA001,HP-UX,Testing,Italy,1
LSIRL003,Linux,Staging,Ireland,3
HPIRL004,HP-UX,Production,Ireland,4
HSIRL001,HP-UX,Staging,Ireland,1
ADITA001,AIX,Development,Italy,1
SDNOR001,Solaris,Development,Norway,1
ADDEU001,AIX,Development,Germany,1
ATESP001,AIX,Testing,Spain,1
ASESP003,AIX,Staging,Spain,3
SPIRL001,Solaris,Production,Ireland,1
LPDEU003,Linux,Production,Germany,3
LIIRL001,Linux,Integration,Ireland,1
LTDEU002,Linux,Testing,Germany,2
LSITA002,Linux,Staging,Italy,2
LTFRA001,Linux,Testing,France,1
APDEU002,AIX,Production,Germany,2
ADIRL002,AIX,Development,Ireland,2
HSESP002,HP-UX,Staging,Spain,2
HIIRL001,HP-UX,Integration,Ireland,1
LPDEU004,Linux,Production,Germany,4
STDEU004,Solaris,Testing,Germany,4
APDEU003,AIX,Production,Germany,3
LTDEU003,Linux,Testing,Germany,3
LTNOR001,Linux,Testing,Norway,1
HINOR001,HP-UX,Integration,Norway,1
SIDEU003,Solaris,Integration,Germany,3
SIITA002,Solaris,Integration,Italy,2
APITA001,AIX,Production,Italy,1
ATDEU002,AIX,Testing,Germany,2
SSESP002,Solaris,Staging,Spain,2
SSITA001,Solaris,Staging,Italy,1
LTITA002,Linux,Testing,Italy,2
LPESP001,Linux,Production,Spain,1
ATFRA001,AIX,Testing,France,1
ATESP002,AIX,Testing,Spain,2
SSDEU001,Solaris,Staging,Germany,1
ATNOR001,AIX,Testing,Norway,1
HTITA002,HP-UX,Testing,Italy,2
LDIRL003,Linux,Development,Ireland,3
LIIRL002,Linux,Integration,Ireland,2
LTESP001,Linux,Testing,Spain,1
HPDEU001,HP-UX,Production,Germany,1
STIRL003,Solaris,Testing,Ireland,3
ATDEU003,AIX,Testing,Germany,3
ATDEU004,AIX,Testing,Germany,4
HTITA003,HP-UX,Testing,Italy,3
LSNOR001,Linux,Staging,Norway,1
SSDEU002,Solaris,Staging,Germany,2
SSESP003,Solaris,Staging,Spain,3
LSESP002,Linux,Staging,Spain,2
SSDEU003,Solaris,Staging,Germany,3
HIFRA001,HP-UX,Integration,France,1
LSDEU004,Linux,Staging,Germany,4
STDEU005,Solaris,Testing,Germany,5
LTESP002,Linux,Testing,Spain,2
ASESP004,AIX,Staging,Spain,4
LPDEU005,Linux,Production,Germany,5
SPIRL002,Solaris,Production,Ireland,2
HSDEU002,HP-UX,Staging,Germany,2
ASIRL002,AIX,Staging,Ireland,2
SIITA003,Solaris,Integration,Italy,3
SPIRL003,Solaris,Production,Ireland,3
LSDEU005,Linux,Staging,Germany,5
ATFRA002,AIX,Testing,France,2
APIRL001,AIX,Production,Ireland,1
LPDEU006,Linux,Production,Germany,6
SSITA002,Solaris,Staging,Italy,2
ASITA001,AIX,Staging,Italy,1
LPIRL002,Linux,Production,Ireland,2
LPNOR003,Linux,Production,Norway,3
LTDEU004,Linux,Testing,Germany,4
HPESP002,HP-UX,Production,Spain,2
LIITA002,Linux,Integration,Italy,2
APESP004,AIX,Production,Spain,4
LSDEU006,Linux,Staging,Germany,6
SSDEU004,Solaris,Staging,Germany,4
ASESP005,AIX,Staging,Spain,5
SSDEU005,Solaris,Staging,Germany,5
LSIRL004,Linux,Staging,Ireland,4
APDEU004,AIX,Production,Germany,4
HSFRA001,HP-UX,Staging,France,1
ATITA001,AIX,Testing,Italy,1
LIIRL003,Linux,Integration,Ireland,3
SIITA004,Solaris,Integration,Italy,4
AIFRA001,AIX,Integration,France,1
ASITA002,AIX,Staging,Italy,2
LPNOR004,Linux,Production,Norway,4
APITA002,AIX,Production,Italy,2
LPDEU007,Linux,Production,Germany,7
HPFRA001,HP-UX,Production,France,1
STIRL004,Solaris,Testing,Ireland,4
LIESP001,Linux,Integration,Spain,1
LPIRL003,Linux,Production,Ireland,3
LPDEU008,Linux,Production,Germany,8
ATIRL001,AIX,Testing,Ireland,1
LPESP002,Linux,Production,Spain,2
LSITA003,Linux,Staging,Italy,3
ASIRL003,AIX,Staging,Ireland,3
ATESP003,AIX,Testing,Spain,3
HTDEU001,HP-UX,Testing,Germany,1
HPESP003,HP-UX,Production,Spain,3
LSITA004,Linux,Staging,Italy,4
AIITA001,AIX,Integration,Italy,1
SPIRL004,Solaris,Production,Ireland,4
APDEU005,AIX,Production,Germany,5
HPIRL005,HP-UX,Production,Ireland,5
LPDEU009,Linux,Production,Germany,9
AIIRL002,AIX,Integration,Ireland,2
LPIRL004,Linux,Production,Ireland,4
LPDEU010,Linux,Production,Germany,10
SIITA005,Solaris,Integration,Italy,5
ASDEU001,AIX,Staging,Germany,1
ASESP006,AIX,Staging,Spain,6
APIRL002,AIX,Production,Ireland,2
ASIRL004,AIX,Staging,Ireland,4
SSITA003,Solaris,Staging,Italy,3
HTITA004,HP-UX,Testing,Italy,4
STIRL005,Solaris,Testing,Ireland,5
LTIRL002,Linux,Testing,Ireland,2
ADITA002,AIX,Development,Italy,2
HDITA001,HP-UX,Development,Italy,1
SDIRL001,Solaris,Development,Ireland,1
STIRL006,Solaris,Testing,Ireland,6
LTIRL003,Linux,Testing,Ireland,3
SDITA001,Solaris,Development,Italy,1
SPIRL005,Solaris,Production,Ireland,5
SDNOR002,Solaris,Development,Norway,2
LSDEU007,Linux,Staging,Germany,7
SSDEU006,Solaris,Staging,Germany,6
LPESP003,Linux,Production,Spain,3
HPIRL006,HP-UX,Production,Ireland,6
SDITA002,Solaris,Development,Italy,2
STFRA001,Solaris,Testing,France,1
AIITA002,AIX,Integration,Italy,2
APFRA001,AIX,Production,France,1
LTDEU005,Linux,Testing,Germany,5
LPDEU011,Linux,Production,Germany,11
LSITA005,Linux,Staging,Italy,5
LSITA006,Linux,Staging,Italy,6
SSESP004,Solaris,Staging,Spain,4
LTDEU006,Linux,Testing,Germany,6
HPDEU002,HP-UX,Production,Germany,2
LPIRL005,Linux,Production,Ireland,5
LPDEU012,Linux,Production,Germany,12
LDIRL004,Linux,Development,Ireland,4
LPDEU013,Linux,Production,Germany,13
SSITA004,Solaris,Staging,Italy,4
ADITA003,AIX,Development,Italy,3
LSDEU008,Linux,Staging,Germany,8
SSDEU007,Solaris,Staging,Germany,7
SPDEU001,Solaris,Production,Germany,1
SSITA005,Solaris,Staging,Italy,5
ADIRL003,AIX,Development,Ireland,3
LPIRL006,Linux,Production,Ireland,6
LSNOR002,Linux,Staging,Norway,2
HSESP003,HP-UX,Staging,Spain,3
HDESP001,HP-UX,Development,Spain,1
SSDEU008,Solaris,Staging,Germany,8
LPESP004,Linux,Production,Spain,4
AIIRL003,AIX,Integration,Ireland,3
HSITA001,HP-UX,Staging,Italy,1
APDEU006,AIX,Production,Germany,6
SSFRA001,Solaris,Staging,France,1
HSITA002,HP-UX,Staging,Italy,2
SSDEU009,Solaris,Staging,Germany,9
LSESP003,Linux,Staging,Spain,3
AIITA003,AIX,Integration,Italy,3
ASIRL005,AIX,Staging,Ireland,5
LIIRL004,Linux,Integration,Ireland,4
LPITA002,Linux,Production,Italy,2
LTDEU007,Linux,Testing,Germany,7
LSDEU009,Linux,Staging,Germany,9
HIDEU001,HP-UX,Integration,Germany,1
SPIRL006,Solaris,Production,Ireland,6
HSFRA002,HP-UX,Staging,France,2
STIRL007,Solaris,Testing,Ireland,7
LDFRA002,Linux,Development,France,2
SSDEU010,Solaris,Staging,Germany,10
LTNOR002,Linux,Testing,Norway,2
SPIRL007,Solaris,Production,Ireland,7
STIRL008,Solaris,Testing,Ireland,8
LSDEU010,Linux,Staging,Germany,10
HTESP002,HP-UX,Testing,Spain,2
LPDEU014,Linux,Production,Germany,14
ATIRL002,AIX,Testing,Ireland,2
LSIRL005,Linux,Staging,Ireland,5
LIIRL005,Linux,Integration,Ireland,5
ASESP007,AIX,Staging,Spain,7
LPFRA002,Linux,Production,France,2
LTIRL004,Linux,Testing,Ireland,4
SSDEU011,Solaris,Staging,Germany,11
LPDEU015,Linux,Production,Germany,15
LTIRL005,Linux,Testing,Ireland,5
LSDEU011,Linux,Staging,Germany,11
LPFRA003,Linux,Production,France,3
SDDEU001,Solaris,Development,Germany,1
SSFRA002,Solaris,Staging,France,2
ATDEU005,AIX,Testing,Germany,5
LTESP003,Linux,Testing,Spain,3
SPESP005,Solaris,Production,Spain,5
ATNOR002,AIX,Testing,Norway,2
ATIRL003,AIX,Testing,Ireland,3
SPIRL008,Solaris,Production,Ireland,8
SSESP005,Solaris,Staging,Spain,5
HSITA003,HP-UX,Staging,Italy,3
ASFRA001,AIX,Staging,France,1
HPDEU003,HP-UX,Production,Germany,3
SSITA006,Solaris,Staging,Italy,6
SDDEU002,Solaris,Development,Germany,2
AIIRL004,AIX,Integration,Ireland,4
LSDEU012,Linux,Staging,Germany,12
HSIRL002,HP-UX,Staging,Ireland,2
SDDEU003,Solaris,Development,Germany,3
ADNOR001,AIX,Development,Norway,1
SPDEU002,Solaris,Production,Germany,2
SDITA003,Solaris,Development,Italy,3
APESP005,AIX,Production,Spain,5
LPIRL007,Linux,Production,Ireland,7
ADITA004,AIX,Development,Italy,4
SSIRL005,Solaris,Staging,Ireland,5
SIESP001,Solaris,Integration,Spain,1
STIRL009,Solaris,Testing,Ireland,9
LPDEU016,Linux,Production,Germany,16
SSIRL006,Solaris,Staging,Ireland,6
SIDEU004,Solaris,Integration,Germany,4
ASIRL006,AIX,Staging,Ireland,6
LIDEU001,Linux,Integration,Germany,1
SIIRL003,Solaris,Integration,Ireland,3
HIITA001,HP-UX,Integration,Italy,1
APITA003,AIX,Production,Italy,3
LTDEU008,Linux,Testing,Germany,8
APESP006,AIX,Production,Spain,6
ATIRL004,AIX,Testing,Ireland,4
HDIRL001,HP-UX,Development,Ireland,1
LSIRL006,Linux,Staging,Ireland,6
APDEU007,AIX,Production,Germany,7
LDIRL005,Linux,Development,Ireland,5
AIITA004,AIX,Integration,Italy,4
LSFRA003,Linux,Staging,France,3
LSDEU013,Linux,Staging,Germany,13
STDEU006,Solaris,Testing,Germany,6
ASIRL007,AIX,Staging,Ireland,7
ATIRL005,AIX,Testing,Ireland,5
SIITA006,Solaris,Integration,Italy,6
LPDEU017,Linux,Production,Germany,17
LSIRL007,Linux,Staging,Ireland,7
LSITA007,Linux,Staging,Italy,7
SSIRL007,Solaris,Staging,Ireland,7
LTIRL006,Linux,Testing,Ireland,6
LIDEU002,Linux,Integration,Germany,2
ASDEU002,AIX,Staging,Germany,2
SPESP006,Solaris,Production,Spain,6
SSITA007,Solaris,Staging,Italy,7
HTITA005,HP-UX,Testing,Italy,5
LDITA001,Linux,Development,Italy,1
ASDEU003,AIX,Staging,Germany,3
LSIRL008,Linux,Staging,Ireland,8
LPIRL008,Linux,Production,Ireland,8
LTIRL007,Linux,Testing,Ireland,7
APNOR001,AIX,Production,Norway,1
LDITA002,Linux,Development,Italy,2
LTDEU009,Linux,Testing,Germany,9
STITA003,Solaris,Testing,Italy,3
STIRL010,Solaris,Testing,Ireland,10
SSITA008,Solaris,Staging,Italy,8
LIITA003,Linux,Integration,Italy,3
LTFRA002,Linux,Testing,France,2
LTESP004,Linux,Testing,Spain,4
ADIRL004,AIX,Development,Ireland,4
ATIRL006,AIX,Testing,Ireland,6
LTIRL008,Linux,Testing,Ireland,8
HIITA002,HP-UX,Integration,Italy,2
LSESP004,Linux,Staging,Spain,4
SSIRL008,Solaris,Staging,Ireland,8
SSDEU012,Solaris,Staging,Germany,12
ADIRL005,AIX,Development,Ireland,5
STESP001,Solaris,Testing,Spain,1
LSIRL009,Linux,Staging,Ireland,9
STIRL011,Solaris,Testing,Ireland,11
SSITA009,Solaris,Staging,Italy,9
HPFRA002,HP-UX,Production,France,2
HPIRL007,HP-UX,Production,Ireland,7
APITA004,AIX,Production,Italy,4
SSIRL009,Solaris,Staging,Ireland,9
STNOR001,Solaris,Testing,Norway,1
HPESP004,HP-UX,Production,Spain,4
LTDEU010,Linux,Testing,Germany,10
HTESP003,HP-UX,Testing,Spain,3
HTDEU002,HP-UX,Testing,Germany,2
LIIRL006,Linux,Integration,Ireland,6
LPDEU018,Linux,Production,Germany,18
LSESP005,Linux,Staging,Spain,5
LPDEU019,Linux,Production,Germany,19
SSIRL010,Solaris,Staging,Ireland,10
LSESP006,Linux,Staging,Spain,6
LSIRL010,Linux,Staging,Ireland,10
SSDEU013,Solaris,Staging,Germany,13
LPESP005,Linux,Production,Spain,5
SDNOR003,Solaris,Development,Norway,3
LSIRL011,Linux,Staging,Ireland,11
HPDEU004,HP-UX,Production,Germany,4
LTIRL009,Linux,Testing,Ireland,9
AIDEU001,AIX,Integration,Germany,1
LPFRA004,Linux,Production,France,4
SDIRL002,Solaris,Development,Ireland,2
LDIRL006,Linux,Development,Ireland,6
SPDEU003,Solaris,Production,Germany,3
SSIRL011,Solaris,Staging,Ireland,11
HPESP005,HP-UX,Production,Spain,5
LPFRA005,Linux,Production,France,5
LTDEU011,Linux,Testing,Germany,11
LTITA003,Linux,Testing,Italy,3
LPDEU020,Linux,Production,Germany,20
LDITA003,Linux,Development,Italy,3
LTESP005,Linux,Testing,Spain,5
HTFRA001,HP-UX,Testing,France,1
STDEU007,Solaris,Testing,Germany,7
SSIRL012,Solaris,Staging,Ireland,12
LPDEU021,Linux,Production,Germany,21
LSDEU014,Linux,Staging,Germany,14
AIIRL005,AIX,Integration,Ireland,5
LSIRL012,Linux,Staging,Ireland,12
LDITA004,Linux,Development,Italy,4
STESP002,Solaris,Testing,Spain,2
HSITA004,HP-UX,Staging,Italy,4
ATNOR003,AIX,Testing,Norway,3
STDEU008,Solaris,Testing,Germany,8
SPIRL009,Solaris,Production,Ireland,9
LIDEU003,Linux,Integration,Germany,3
LSIRL013,Linux,Staging,Ireland,13
STDEU009,Solaris,Testing,Germany,9
APIRL003,AIX,Production,Ireland,3
LSITA008,Linux,Staging,Italy,8
LPESP006,Linux,Production,Spain,6
HSESP004,HP-UX,Staging,Spain,4
STESP003,Solaris,Testing,Spain,3
LPITA003,Linux,Production,Italy,3
LPFRA006,Linux,Production,France,6
APDEU008,AIX,Production,Germany,8
STIRL012,Solaris,Testing,Ireland,12
SPIRL010,Solaris,Production,Ireland,10
ASITA003,AIX,Staging,Italy,3
LSESP007,Linux,Staging,Spain,7
LDESP003,Linux,Development,Spain,3
HINOR002,HP-UX,Integration,Norway,2
LTDEU012,Linux,Testing,Germany,12
ASESP008,AIX,Staging,Spain,8
HIITA003,HP-UX,Integration,Italy,3
AIFRA002,AIX,Integration,France,2
LPDEU022,Linux,Production,Germany,22
LTITA004,Linux,Testing,Italy,4
LTESP006,Linux,Testing,Spain,6
SSDEU014,Solaris,Staging,Germany,14
LIIRL007,Linux,Integration,Ireland,7
LTDEU013,Linux,Testing,Germany,13
SIFRA001,Solaris,Integration,France,1
HIIRL002,HP-UX,Integration,Ireland,2
SPIRL011,Solaris,Production,Ireland,11
LPDEU023,Linux,Production,Germany,23
LPIRL009,Linux,Production,Ireland,9
LPFRA007,Linux,Production,France,7
APITA005,AIX,Production,Italy,5
SPITA001,Solaris,Production,Italy,1
LSDEU015,Linux,Staging,Germany,15
ASDEU004,AIX,Staging,Germany,4
ATIRL007,AIX,Testing,Ireland,7
SIIRL004,Solaris,Integration,Ireland,4
LSFRA004,Linux,Staging,France,4
LPESP007,Linux,Production,Spain,7
ASITA004,AIX,Staging,Italy,4
SSIRL013,Solaris,Staging,Ireland,13
LDNOR002,Linux,Development,Norway,2
SSITA010,Solaris,Staging,Italy,10
HSDEU003,HP-UX,Staging,Germany,3
LSIRL014,Linux,Staging,Ireland,14
ASIRL008,AIX,Staging,Ireland,8
LPESP008,Linux,Production,Spain,8
SPESP007,Solaris,Production,Spain,7
LTITA005,Linux,Testing,Italy,5
HSDEU004,HP-UX,Staging,Germany,4
SPESP008,Solaris,Production,Spain,8
LSITA009,Linux,Staging,Italy,9
LPIRL010,Linux,Production,Ireland,10
SSIRL014,Solaris,Staging,Ireland,14
LPDEU024,Linux,Production,Germany,24
LSFRA005,Linux,Staging,France,5
LSDEU016,Linux,Staging,Germany,16
LPIRL011,Linux,Production,Ireland,11
SDITA004,Solaris,Development,Italy,4
LTIRL010,Linux,Testing,Ireland,10
LPIRL012,Linux,Production,Ireland,12
AIITA005,AIX,Integration,Italy,5
LPFRA008,Linux,Production,France,8
SSNOR001,Solaris,Staging,Norway,1
ASNOR001,AIX,Staging,Norway,1
HPESP006,HP-UX,Production,Spain,6
LPIRL013,Linux,Production,Ireland,13
LIIRL008,Linux,Integration,Ireland,8
ATIRL008,AIX,Testing,Ireland,8
LSITA010,Linux,Staging,Italy,10
LPESP009,Linux,Production,Spain,9
SPFRA001,Solaris,Production,France,1
LDIRL007,Linux,Development,Ireland,7
SIDEU005,Solaris,Integration,Germany,5
ASIRL009,AIX,Staging,Ireland,9
LSDEU017,Linux,Staging,Germany,17
ASESP009,AIX,Staging,Spain,9
SDITA005,Solaris,Development,Italy,5
ADESP001,AIX,Development,Spain,1
LSDEU018,Linux,Staging,Germany,18
HIFRA002,HP-UX,Integration,France,2
LIITA004,Linux,Integration,Italy,4
STDEU010,Solaris,Testing,Germany,10
LSDEU019,Linux,Staging,Germany,19
LTFRA003,Linux,Testing,France,3
SPDEU004,Solaris,Production,Germany,4
ASESP010,AIX,Staging,Spain,10
HSIRL003,HP-UX,Staging,Ireland,3
STESP004,Solaris,Testing,Spain,4
LDITA005,Linux,Development,Italy,5
SDDEU004,Solaris,Development,Germany,4
LTIRL011,Linux,Testing,Ireland,11
HIDEU002,HP-UX,Integration,Germany,2
HTITA006,HP-UX,Testing,Italy,6
LSIRL015,Linux,Staging,Ireland,15
SPITA002,Solaris,Production,Italy,2
STITA004,Solaris,Testing,Italy,4
LDESP004,Linux,Development,Spain,4
SPDEU005,Solaris,Production,Germany,5
SPIRL012,Solaris,Production,Ireland,12
SPIRL013,Solaris,Production,Ireland,13
ASDEU005,AIX,Staging,Germany,5
STIRL013,Solaris,Testing,Ireland,13
LSIRL016,Linux,Staging,Ireland,16
STIRL014,Solaris,Testing,Ireland,14
LPDEU025,Linux,Production,Germany,25
APITA006,AIX,Production,Italy,6
SPIRL014,Solaris,Production,Ireland,14
LSDEU020,Linux,Staging,Germany,20
SSIRL015,Solaris,Staging,Ireland,15
LSNOR003,Linux,Staging,Norway,3
LTFRA004,Linux,Testing,France,4
ATESP004,AIX,Testing,Spain,4
LIIRL009,Linux,Integration,Ireland,9
SIESP002,Solaris,Integration,Spain,2
SDESP001,Solaris,Development,Spain,1
SSITA011,Solaris,Staging,Italy,11
STIRL015,Solaris,Testing,Ireland,15
SPIRL015,Solaris,Production,Ireland,15
APDEU009,AIX,Production,Germany,9
LPDEU026,Linux,Production,Germany,26
LIIRL010,Linux,Integration,Ireland,10
APIRL004,AIX,Production,Ireland,4
SDNOR004,Solaris,Development,Norway,4
ASIRL010,AIX,Staging,Ireland,10
ADESP002,AIX,Development,Spain,2
LPITA004,Linux,Production,Italy,4
APIRL005,AIX,Production,Ireland,5
LTITA006,Linux,Testing,Italy,6
APIRL006,AIX,Production,Ireland,6
HSFRA003,HP-UX,Staging,France,3
HSIRL004,HP-UX,Staging,Ireland,4
SINOR001,Solaris,Integration,Norway,1
ATNOR004,AIX,Testing,Norway,4
SDITA006,Solaris,Development,Italy,6
HTESP004,HP-UX,Testing,Spain,4
ATESP005,AIX,Testing,Spain,5
SSIRL016,Solaris,Staging,Ireland,16
STDEU011,Solaris,Testing,Germany,11
ASESP011,AIX,Staging,Spain,11
SPESP009,Solaris,Production,Spain,9
SPIRL016,Solaris,Production,Ireland,16
SSDEU015,Solaris,Staging,Germany,15
APESP007,AIX,Production,Spain,7
SIESP003,Solaris,Integration,Spain,3
AIIRL006,AIX,Integration,Ireland,6
ATFRA003,AIX,Testing,France,3
HSIRL005,HP-UX,Staging,Ireland,5
LSDEU021,Linux,Staging,Germany,21
SPIRL017,Solaris,Production,Ireland,17
LTESP007,Linux,Testing,Spain,7
LSIRL017,Linux,Staging,Ireland,17
LSITA011,Linux,Staging,Italy,11
SPIRL018,Solaris,Production,Ireland,18
HPESP007,HP-UX,Production,Spain,7
ATIRL009,AIX,Testing,Ireland,9
ATIRL010,AIX,Testing,Ireland,10
LTDEU014,Linux,Testing,Germany,14
HTIRL001,HP-UX,Testing,Ireland,1
LSNOR004,Linux,Staging,Norway,4
SSNOR002,Solaris,Staging,Norway,2
LDIRL008,Linux,Development,Ireland,8
LPIRL014,Linux,Production,Ireland,14
SSIRL017,Solaris,Staging,Ireland,17
SSDEU016,Solaris,Staging,Germany,16
SPITA003,Solaris,Production,Italy,3
LPNOR005,Linux,Production,Norway,5
HPIRL008,HP-UX,Production,Ireland,8
APIRL007,AIX,Production,Ireland,7
APFRA002,AIX,Production,France,2
LDIRL009,Linux,Development,Ireland,9
ADIRL006,AIX,Development,Ireland,6
LTNOR003,Linux,Testing,Norway,3
HTDEU003,HP-UX,Testing,Germany,3
SPIRL019,Solaris,Production,Ireland,19
LDIRL010,Linux,Development,Ireland,10
LIFRA002,Linux,Integration,France,2
LSIRL018,Linux,Staging,Ireland,18
ASIRL011,AIX,Staging,Ireland,11
AIESP001,AIX,Integration,Spain,1
HTESP005,HP-UX,Testing,Spain,5
SPDEU006,Solaris,Production,Germany,6
SSFRA003,Solaris,Staging,France,3
HPDEU005,HP-UX,Production,Germany,5
ASIRL012,AIX,Staging,Ireland,12
AINOR001,AIX,Integration,Norway,1
SPIRL020,Solaris,Production,Ireland,20
LSFRA006,Linux,Staging,France,6
LPESP010,Linux,Production,Spain,10
LSIRL019,Linux,Staging,Ireland,19
SPESP010,Solaris,Production,Spain,10
LPDEU027,Linux,Production,Germany,27
SIDEU006,Solaris,Integration,Germany,6
HTDEU004,HP-UX,Testing,Germany,4
ATESP006,AIX,Testing,Spain,6
LTESP008,Linux,Testing,Spain,8
HSDEU005,HP-UX,Staging,Germany,5
STESP005,Solaris,Testing,Spain,5
LTITA007,Linux,Testing,Italy,7
LTIRL012,Linux,Testing,Ireland,12
HSDEU006,HP-UX,Staging,Germany,6
LDIRL011,Linux,Development,Ireland,11
LSESP008,Linux,Staging,Spain,8
AIESP002,AIX,Integration,Spain,2
LDNOR003,Linux,Development,Norway,3
LIIRL011,Linux,Integration,Ireland,11
HPITA003,HP-UX,Production,Italy,3
LPDEU028,Linux,Production,Germany,28
LSIRL020,Linux,Staging,Ireland,20
LSIRL021,Linux,Staging,Ireland,21
HTESP006,HP-UX,Testing,Spain,6
ASIRL013,AIX,Staging,Ireland,13
LDESP005,Linux,Development,Spain,5
APITA007,AIX,Production,Italy,7
ATFRA004,AIX,Testing,France,4
SDDEU005,Solaris,Development,Germany,5
LIITA005,Linux,Integration,Italy,5
LPIRL015,Linux,Production,Ireland,15
SPIRL021,Solaris,Production,Ireland,21
LPESP011,Linux,Production,Spain,11
SDDEU006,Solaris,Development,Germany,6
SPDEU007,Solaris,Production,Germany,7
LTIRL013,Linux,Testing,Ireland,13
LSIRL022,Linux,Staging,Ireland,22
AIITA006,AIX,Integration,Italy,6
SPDEU008,Solaris,Production,Germany,8
HSESP005,HP-UX,Staging,Spain,5
ASITA005,AIX,Staging,Italy,5
LTITA008,Linux,Testing,Italy,8
LSDEU022,Linux,Staging,Germany,22
HSDEU007,HP-UX,Staging,Germany,7
LPNOR006,Linux,Production,Norway,6
ASIRL014,AIX,Staging,Ireland,14
ATESP007,AIX,Testing,Spain,7
ATDEU006,AIX,Testing,Germany,6
SSIRL018,Solaris,Staging,Ireland,18
LPDEU029,Linux,Production,Germany,29
SPIRL022,Solaris,Production,Ireland,22
SSIRL019,Solaris,Staging,Ireland,19
SSIRL020,Solaris,Staging,Ireland,20
SSDEU017,Solaris,Staging,Germany,17
LSIRL023,Linux,Staging,Ireland,23
LPNOR007,Linux,Production,Norway,7
ADESP003,AIX,Development,Spain,3
ATIRL011,AIX,Testing,Ireland,11
AIIRL007,AIX,Integration,Ireland,7
ATITA002,AIX,Testing,Italy,2
HSITA005,HP-UX,Staging,Italy,5
LSITA012,Linux,Staging,Italy,12
LSIRL024,Linux,Staging,Ireland,24
ASITA006,AIX,Staging,Italy,6
LSIRL025,Linux,Staging,Ireland,25
SPDEU009,Solaris,Production,Germany,9
ATDEU007,AIX,Testing,Germany,7
SSDEU018,Solaris,Staging,Germany,18
LTIRL014,Linux,Testing,Ireland,14
LTESP009,Linux,Testing,Spain,9
SDDEU007,Solaris,Development,Germany,7
HIITA004,HP-UX,Integration,Italy,4
LPIRL016,Linux,Production,Ireland,16
LDIRL012,Linux,Development,Ireland,12
SSIRL021,Solaris,Staging,Ireland,21
LTITA009,Linux,Testing,Italy,9
AIDEU002,AIX,Integration,Germany,2
HPDEU006,HP-UX,Production,Germany,6
ATIRL012,AIX,Testing,Ireland,12
ASFRA002,AIX,Staging,France,2
SSITA012,Solaris,Staging,Italy,12
SSNOR003,Solaris,Staging,Norway,3
SDIRL003,Solaris,Development,Ireland,3
LPDEU030,Linux,Production,Germany,30
SSFRA004,Solaris,Staging,France,4
LPDEU031,Linux,Production,Germany,31
HDDEU001,HP-UX,Development,Germany,1
LTDEU015,Linux,Testing,Germany,15
LSIRL026,Linux,Staging,Ireland,26
SPDEU010,Solaris,Production,Germany,10
ASITA007,AIX,Staging,Italy,7
APDEU010,AIX,Production,Germany,10
LPESP012,Linux,Production,Spain,12
SSIRL022,Solaris,Staging,Ireland,22
HPDEU007,HP-UX,Production,Germany,7
ASIRL015,AIX,Staging,Ireland,15
HTDEU005,HP-UX,Testing,Germany,5
LPDEU032,Linux,Production,Germany,32
LDITA006,Linux,Development,Italy,6
APDEU011,AIX,Production,Germany,11
LDIRL013,Linux,Development,Ireland,13
SPNOR001,Solaris,Production,Norway,1
LTIRL015,Linux,Testing,Ireland,15
LSESP009,Linux,Staging,Spain,9
AIIRL008,AIX,Integration,Ireland,8
SDNOR005,Solaris,Development,Norway,5
LDIRL014,Linux,Development,Ireland,14
LPDEU033,Linux,Production,Germany,33
SPIRL023,Solaris,Production,Ireland,23
LIDEU004,Linux,Integration,Germany,4
LPNOR008,Linux,Production,Norway,8
AIESP003,AIX,Integration,Spain,3
LIITA006,Linux,Integration,Italy,6
APIRL008,AIX,Production,Ireland,8
LTESP010,Linux,Testing,Spain,10
LIDEU005,Linux,Integration,Germany,5
SPIRL024,Solaris,Production,Ireland,24
SPFRA002,Solaris,Production,France,2
LIFRA003,Linux,Integration,France,3
APITA008,AIX,Production,Italy,8
STITA005,Solaris,Testing,Italy,5
AIESP004,AIX,Integration,Spain,4
LTESP011,Linux,Testing,Spain,11
HDDEU002,HP-UX,Development,Germany,2
STIRL016,Solaris,Testing,Ireland,16
HIESP001,HP-UX,Integration,Spain,1
LTIRL016,Linux,Testing,Ireland,16
ASITA008,AIX,Staging,Italy,8
LTFRA005,Linux,Testing,France,5
SPITA004,Solaris,Production,Italy,4
SPDEU011,Solaris,Production,Germany,11
LTIRL017,Linux,Testing,Ireland,17
LSESP010,Linux,Staging,Spain,10
LDDEU001,Linux,Development,Germany,1
LSITA013,Linux,Staging,Italy,13
LIITA007,Linux,Integration,Italy,7
LPESP013,Linux,Production,Spain,13
SPITA005,Solaris,Production,Italy,5
LPFRA009,Linux,Production,France,9
LIIRL012,Linux,Integration,Ireland,12
SPITA006,Solaris,Production,Italy,6
ASIRL016,AIX,Staging,Ireland,16
LIIRL013,Linux,Integration,Ireland,13
LSDEU023,Linux,Staging,Germany,23
LDFRA003,Linux,Development,France,3
LPITA005,Linux,Production,Italy,5
ATITA003,AIX,Testing,Italy,3
ADDEU002,AIX,Development,Germany,2
SSESP006,Solaris,Staging,Spain,6
SPIRL025,Solaris,Production,Ireland,25
LDITA007,Linux,Development,Italy,7
HPIRL009,HP-UX,Production,Ireland,9
SDESP002,Solaris,Development,Spain,2
LTITA010,Linux,Testing,Italy,10
SSIRL023,Solaris,Staging,Ireland,23
SPESP011,Solaris,Production,Spain,11
SSIRL024,Solaris,Staging,Ireland,24
LSDEU024,Linux,Staging,Germany,24
SDESP003,Solaris,Development,Spain,3
LDESP006,Linux,Development,Spain,6
SPESP012,Solaris,Production,Spain,12
SPIRL026,Solaris,Production,Ireland,26
LSITA014,Linux,Staging,Italy,14
LPFRA010,Linux,Production,France,10
HPESP008,HP-UX,Production,Spain,8
AIDEU003,AIX,Integration,Germany,3
SSIRL025,Solaris,Staging,Ireland,25
SIFRA002,Solaris,Integration,France,2
HTIRL002,HP-UX,Testing,Ireland,2
ASDEU006,AIX,Staging,Germany,6
ASIRL017,AIX,Staging,Ireland,17
LPDEU034,Linux,Production,Germany,34
LIDEU006,Linux,Integration,Germany,6
SINOR002,Solaris,Integration,Norway,2
LDESP007,Linux,Development,Spain,7
LIIRL014,Linux,Integration,Ireland,14
HIITA005,HP-UX,Integration,Italy,5
LSDEU025,Linux,Staging,Germany,25
SSESP007,Solaris,Staging,Spain,7
LPESP014,Linux,Production,Spain,14
LTDEU016,Linux,Testing,Germany,16
LSFRA007,Linux,Staging,France,7
SIDEU007,Solaris,Integration,Germany,7
LTESP012,Linux,Testing,Spain,12
ASIRL018,AIX,Staging,Ireland,18
LSDEU026,Linux,Staging,Germany,26
LIESP002,Linux,Integration,Spain,2
HSITA006,HP-UX,Staging,Italy,6
HDIRL002,HP-UX,Development,Ireland,2
ADDEU003,AIX,Development,Germany,3
LDDEU002,Linux,Development,Germany,2
LPDEU035,Linux,Production,Germany,35
SSITA013,Solaris,Staging,Italy,13
ASIRL019,AIX,Staging,Ireland,19
STDEU012,Solaris,Testing,Germany,12
LPITA006,Linux,Production,Italy,6
SDESP004,Solaris,Development,Spain,4
ASDEU007,AIX,Staging,Germany,7
STESP006,Solaris,Testing,Spain,6
APIRL009,AIX,Production,Ireland,9
LSIRL027,Linux,Staging,Ireland,27
ADIRL007,AIX,Development,Ireland,7
ADDEU004,AIX,Development,Germany,4
STITA006,Solaris,Testing,Italy,6
APESP008,AIX,Production,Spain,8
LSIRL028,Linux,Staging,Ireland,28
LTIRL018,Linux,Testing,Ireland,18
ATITA004,AIX,Testing,Italy,4
ATITA005,AIX,Testing,Italy,5
LSITA015,Linux,Staging,Italy,15
LPFRA011,Linux,Production,France,11
SPESP013,Solaris,Production,Spain,13
LDNOR004,Linux,Development,Norway,4
APNOR002,AIX,Production,Norway,2
LTIRL019,Linux,Testing,Ireland,19
SPNOR002,Solaris,Production,Norway,2
STDEU013,Solaris,Testing,Germany,13
SPDEU012,Solaris,Production,Germany,12
LTIRL020,Linux,Testing,Ireland,20
LIFRA004,Linux,Integration,France,4
ATESP008,AIX,Testing,Spain,8
APDEU012,AIX,Production,Germany,12
HTDEU006,HP-UX,Testing,Germany,6
HIIRL003,HP-UX,Integration,Ireland,3
SDIRL004,Solaris,Development,Ireland,4
LDFRA004,Linux,Development,France,4
APITA009,AIX,Production,Italy,9
ATDEU008,AIX,Testing,Germany,8
SPITA007,Solaris,Production,Italy,7
SSIRL026,Solaris,Staging,Ireland,26
LSIRL029,Linux,Staging,Ireland,29
LDFRA005,Linux,Development,France,5
LDNOR005,Linux,Development,Norway,5
STNOR002,Solaris,Testing,Norway,2
LDDEU003,Linux,Development,Germany,3
SPESP014,Solaris,Production,Spain,14
SDESP005,Solaris,Development,Spain,5
LPIRL017,Linux,Production,Ireland,17
SPDEU013,Solaris,Production,Germany,13
SIIRL005,Solaris,Integration,Ireland,5
STNOR003,Solaris,Testing,Norway,3
LTDEU017,Linux,Testing,Germany,17
SSESP008,Solaris,Staging,Spain,8
ASITA009,AIX,Staging,Italy,9
LPDEU036,Linux,Production,Germany,36
LSESP011,Linux,Staging,Spain,11
HTIRL003,HP-UX,Testing,Ireland,3
LPESP015,Linux,Production,Spain,15
SDIRL005,Solaris,Development,Ireland,5
STESP007,Solaris,Testing,Spain,7
LPESP016,Linux,Production,Spain,16
STITA007,Solaris,Testing,Italy,7
LTITA011,Linux,Testing,Italy,11
APITA010,AIX,Production,Italy,10
SSESP009,Solaris,Staging,Spain,9
LSDEU027,Linux,Staging,Germany,27
LSITA016,Linux,Staging,Italy,16
HPDEU008,HP-UX,Production,Germany,8
LPFRA012,Linux,Production,France,12
SSIRL027,Solaris,Staging,Ireland,27
ATDEU009,AIX,Testing,Germany,9
LTESP013,Linux,Testing,Spain,13
HTITA007,HP-UX,Testing,Italy,7
APFRA003,AIX,Production,France,3
LIFRA005,Linux,Integration,France,5
ATDEU010,AIX,Testing,Germany,10
APITA011,AIX,Production,Italy,11
STIRL017,Solaris,Testing,Ireland,17
SDITA007,Solaris,Development,Italy,7
SSESP010,Solaris,Staging,Spain,10
SPIRL027,Solaris,Production,Ireland,27
SSFRA005,Solaris,Staging,France,5
HSIRL006,HP-UX,Staging,Ireland,6
LTDEU018,Linux,Testing,Germany,18
SIIRL006,Solaris,Integration,Ireland,6
LPIRL018,Linux,Production,Ireland,18
LDITA008,Linux,Development,Italy,8
LPDEU037,Linux,Production,Germany,37
LSESP012,Linux,Staging,Spain,12
LIITA008,Linux,Integration,Italy,8
ATESP009,AIX,Testing,Spain,9
ADNOR002,AIX,Development,Norway,2
SPIRL028,Solaris,Production,Ireland,28
LTIRL021,Linux,Testing,Ireland,21
APIRL010,AIX,Production,Ireland,10
SPIRL029,Solaris,Production,Ireland,29
LSESP013,Linux,Staging,Spain,13
SPDEU014,Solaris,Production,Germany,14
LIITA009,Linux,Integration,Italy,9
SPIRL030,Solaris,Production,Ireland,30
HPESP009,HP-UX,Production,Spain,9
LTESP014,Linux,Testing,Spain,14
STFRA002,Solaris,Testing,France,2
LPITA007,Linux,Production,Italy,7
ATITA006,AIX,Testing,Italy,6
LTESP015,Linux,Testing,Spain,15
STNOR004,Solaris,Testing,Norway,4
LTIRL022,Linux,Testing,Ireland,22
LPFRA013,Linux,Production,France,13
APESP009,AIX,Production,Spain,9
ASFRA003,AIX,Staging,France,3
SSDEU019,Solaris,Staging,Germany,19
APESP010,AIX,Production,Spain,10
STESP008,Solaris,Testing,Spain,8
LPIRL019,Linux,Production,Ireland,19
LSIRL030,Linux,Staging,Ireland,30
LTDEU019,Linux,Testing,Germany,19
STDEU014,Solaris,Testing,Germany,14
SPIRL031,Solaris,Production,Ireland,31
SPDEU015,Solaris,Production,Germany,15
LTFRA006,Linux,Testing,France,6
LIITA010,Linux,Integration,Italy,10
LSESP014,Linux,Staging,Spain,14
SSIRL028,Solaris,Staging,Ireland,28
LTESP016,Linux,Testing,Spain,16
LSDEU028,Linux,Staging,Germany,28
HIITA006,HP-UX,Integration,Italy,6
SSESP011,Solaris,Staging,Spain,11
ASESP012,AIX,Staging,Spain,12
ATITA007,AIX,Testing,Italy,7
LTIRL023,Linux,Testing,Ireland,23
LTDEU020,Linux,Testing,Germany,20
LPESP017,Linux,Production,Spain,17
HTIRL004,HP-UX,Testing,Ireland,4
HSESP006,HP-UX,Staging,Spain,6
ASESP013,AIX,Staging,Spain,13
LDITA009,Linux,Development,Italy,9
STITA008,Solaris,Testing,Italy,8
APNOR003,AIX,Production,Norway,3
ASIRL020,AIX,Staging,Ireland,20
HPITA004,HP-UX,Production,Italy,4
SIDEU008,Solaris,Integration,Germany,8
LSFRA008,Linux,Staging,France,8
SSIRL029,Solaris,Staging,Ireland,29
SSDEU020,Solaris,Staging,Germany,20
SPDEU016,Solaris,Production,Germany,16
SSDEU021,Solaris,Staging,Germany,21
LSIRL031,Linux,Staging,Ireland,31
HSESP007,HP-UX,Staging,Spain,7
LPFRA014,Linux,Production,France,14
STIRL018,Solaris,Testing,Ireland,18
SIIRL007,Solaris,Integration,Ireland,7
STIRL019,Solaris,Testing,Ireland,19
HSDEU008,HP-UX,Staging,Germany,8
SPIRL032,Solaris,Production,Ireland,32
LSIRL032,Linux,Staging,Ireland,32
HDDEU003,HP-UX,Development,Germany,3
SPDEU017,Solaris,Production,Germany,17
LSIRL033,Linux,Staging,Ireland,33
LTIRL024,Linux,Testing,Ireland,24
LIESP003,Linux,Integration,Spain,3
SSITA014,Solaris,Staging,Italy,14
LPIRL020,Linux,Production,Ireland,20
SPIRL033,Solaris,Production,Ireland,33
SSDEU022,Solaris,Staging,Germany,22
SDITA008,Solaris,Development,Italy,8
SDDEU008,Solaris,Development,Germany,8
SPIRL034,Solaris,Production,Ireland,34
ASDEU008,AIX,Staging,Germany,8
SSIRL030,Solaris,Staging,Ireland,30
HSIRL007,HP-UX,Staging,Ireland,7
SIDEU009,Solaris,Integration,Germany,9
ADDEU005,AIX,Development,Germany,5
STIRL020,Solaris,Testing,Ireland,20
LSITA017,Linux,Staging,Italy,17
HPIRL010,HP-UX,Production,Ireland,10
SSDEU023,Solaris,Staging,Germany,23
LIIRL015,Linux,Integration,Ireland,15
LSESP015,Linux,Staging,Spain,15
SSIRL031,Solaris,Staging,Ireland,31
SPIRL035,Solaris,Production,Ireland,35
APESP011,AIX,Production,Spain,11
LSDEU029,Linux,Staging,Germany,29
ADITA005,AIX,Development,Italy,5
LPIRL021,Linux,Production,Ireland,21
LDFRA006,Linux,Development,France,6
APIRL011,AIX,Production,Ireland,11
HPIRL011,HP-UX,Production,Ireland,11
LPESP018,Linux,Production,Spain,18
LSDEU030,Linux,Staging,Germany,30
APITA012,AIX,Production,Italy,12
HSIRL008,HP-UX,Staging,Ireland,8
HDDEU004,HP-UX,Development,Germany,4
LDNOR006,Linux,Development,Norway,6
ASITA010,AIX,Staging,Italy,10
SSITA015,Solaris,Staging,Italy,15
LTDEU021,Linux,Testing,Germany,21
LPITA008,Linux,Production,Italy,8
LDDEU004,Linux,Development,Germany,4
STIRL021,Solaris,Testing,Ireland,21
SSDEU024,Solaris,Staging,Germany,24
LIDEU007,Linux,Integration,Germany,7
SPESP015,Solaris,Production,Spain,15
SSIRL032,Solaris,Staging,Ireland,32
LPDEU038,Linux,Production,Germany,38
LSFRA009,Linux,Staging,France,9
SPESP016,Solaris,Production,Spain,16
HSDEU009,HP-UX,Staging,Germany,9
LTITA012,Linux,Testing,Italy,12
SSIRL033,Solaris,Staging,Ireland,33
LDDEU005,Linux,Development,Germany,5
LPIRL022,Linux,Production,Ireland,22
LSDEU031,Linux,Staging,Germany,31
STIRL022,Solaris,Testing,Ireland,22
SPESP017,Solaris,Production,Spain,17
LTDEU022,Linux,Testing,Germany,22
LSESP016,Linux,Staging,Spain,16
SIDEU010,Solaris,Integration,Germany,10
LPFRA015,Linux,Production,France,15
LDFRA007,Linux,Development,France,7
STIRL023,Solaris,Testing,Ireland,23
STIRL024,Solaris,Testing,Ireland,24
LTDEU023,Linux,Testing,Germany,23
SPDEU018,Solaris,Production,Germany,18
STFRA003,Solaris,Testing,France,3
LSESP017,Linux,Staging,Spain,17
SPESP018,Solaris,Production,Spain,18
ATITA008,AIX,Testing,Italy,8
SPITA008,Solaris,Production,Italy,8
ASDEU009,AIX,Staging,Germany,9
SPESP019,Solaris,Production,Spain,19
ASESP014,AIX,Staging,Spain,14
LSDEU032,Linux,Staging,Germany,32
STIRL025,Solaris,Testing,Ireland,25
LPESP019,Linux,Production,Spain,19
SSITA016,Solaris,Staging,Italy,16
SSFRA006,Solaris,Staging,France,6
LSIRL034,Linux,Staging,Ireland,34
HSIRL009,HP-UX,Staging,Ireland,9
SSDEU025,Solaris,Staging,Germany,25
LDESP008,Linux,Development,Spain,8
LDESP009,Linux,Development,Spain,9
LPIRL023,Linux,Production,Ireland,23
APDEU013,AIX,Production,Germany,13
APITA013,AIX,Production,Italy,13
LSDEU033,Linux,Staging,Germany,33
LTITA013,Linux,Testing,Italy,13
HIDEU003,HP-UX,Integration,Germany,3
SPDEU019,Solaris,Production,Germany,19
ATFRA005,AIX,Testing,France,5
HPNOR001,HP-UX,Production,Norway,1
HDFRA001,HP-UX,Development,France,1
LDIRL015,Linux,Development,Ireland,15
LIITA011,Linux,Integration,Italy,11
SIIRL008,Solaris,Integration,Ireland,8
SPESP020,Solaris,Production,Spain,20
SDIRL006,Solaris,Development,Ireland,6
ADIRL008,AIX,Development,Ireland,8
SSESP012,Solaris,Staging,Spain,12
HIDEU004,HP-UX,Integration,Germany,4
LTNOR004,Linux,Testing,Norway,4
LPFRA016,Linux,Production,France,16
LTESP017,Linux,Testing,Spain,17
LTFRA007,Linux,Testing,France,7
ASDEU010,AIX,Staging,Germany,10
LIIRL016,Linux,Integration,Ireland,16
LSITA018,Linux,Staging,Italy,18
LIDEU008,Linux,Integration,Germany,8
HSIRL010,HP-UX,Staging,Ireland,10
ASIRL021,AIX,Staging,Ireland,21
ASESP015,AIX,Staging,Spain,15
LIIRL017,Linux,Integration,Ireland,17
LTIRL025,Linux,Testing,Ireland,25
HDDEU005,HP-UX,Development,Germany,5
SSITA017,Solaris,Staging,Italy,17
LTDEU024,Linux,Testing,Germany,24
HPITA005,HP-UX,Production,Italy,5
APIRL012,AIX,Production,Ireland,12
LPESP020,Linux,Production,Spain,20
APIRL013,AIX,Production,Ireland,13
STITA009,Solaris,Testing,Italy,9
LSITA019,Linux,Staging,Italy,19
LTESP018,Linux,Testing,Spain,18
LDIRL016,Linux,Development,Ireland,16
LTITA014,Linux,Testing,Italy,14
LPIRL024,Linux,Production,Ireland,24
LSIRL035,Linux,Staging,Ireland,35
LTNOR005,Linux,Testing,Norway,5
ASDEU011,AIX,Staging,Germany,11
SSESP013,Solaris,Staging,Spain,13
SPIRL036,Solaris,Production,Ireland,36
LPITA009,Linux,Production,Italy,9
LPFRA017,Linux,Production,France,17
SPITA009,Solaris,Production,Italy,9
SPITA010,Solaris,Production,Italy,10
HPIRL012,HP-UX,Production,Ireland,12
STFRA004,Solaris,Testing,France,4
SIESP004,Solaris,Integration,Spain,4
ADNOR003,AIX,Development,Norway,3
APITA014,AIX,Production,Italy,14
LIFRA006,Linux,Integration,France,6
SIITA007,Solaris,Integration,Italy,7
LTFRA008,Linux,Testing,France,8
STNOR005,Solaris,Testing,Norway,5
APFRA004,AIX,Production,France,4
LDIRL017,Linux,Development,Ireland,17
APIRL014,AIX,Production,Ireland,14
SPITA011,Solaris,Production,Italy,11
STFRA005,Solaris,Testing,France,5
APIRL015,AIX,Production,Ireland,15
SSITA018,Solaris,Staging,Italy,18
LTDEU025,Linux,Testing,Germany,25
LSITA020,Linux,Staging,Italy,20
STITA010,Solaris,Testing,Italy,10
SPNOR003,Solaris,Production,Norway,3
LIITA012,Linux,Integration,Italy,12
LIESP004,Linux,Integration,Spain,4
LPITA010,Linux,Production,Italy,10
SPIRL037,Solaris,Production,Ireland,37
SSIRL034,Solaris,Staging,Ireland,34
LPDEU039,Linux,Production,Germany,39
LTITA015,Linux,Testing,Italy,15
LSDEU034,Linux,Staging,Germany,34
HPESP010,HP-UX,Production,Spain,10
ATFRA006,AIX,Testing,France,6
HTIRL005,HP-UX,Testing,Ireland,5
STDEU015,Solaris,Testing,Germany,15
STIRL026,Solaris,Testing,Ireland,26
SDFRA001,Solaris,Development,France,1
LTIRL026,Linux,Testing,Ireland,26
LIESP005,Linux,Integration,Spain,5
LPIRL025,Linux,Production,Ireland,25
STIRL027,Solaris,Testing,Ireland,27
SPITA012,Solaris,Production,Italy,12
STITA011,Solaris,Testing,Italy,11
LPIRL026,Linux,Production,Ireland,26
SSITA019,Solaris,Staging,Italy,19
SPIRL038,Solaris,Production,Ireland,38
STDEU016,Solaris,Testing,Germany,16
LTIRL027,Linux,Testing,Ireland,27
SIIRL009,Solaris,Integration,Ireland,9
SSESP014,Solaris,Staging,Spain,14
LTESP019,Linux,Testing,Spain,19
STDEU017,Solaris,Testing,Germany,17
HTIRL006,HP-UX,Testing,Ireland,6
STNOR006,Solaris,Testing,Norway,6
HSESP008,HP-UX,Staging,Spain,8
SIDEU011,Solaris,Integration,Germany,11
ATIRL013,AIX,Testing,Ireland,13
SIITA008,Solaris,Integration,Italy,8
ASDEU012,AIX,Staging,Germany,12
LDIRL018,Linux,Development,Ireland,18
SPDEU020,Solaris,Production,Germany,20
ATDEU011,AIX,Testing,Germany,11
HTESP007,HP-UX,Testing,Spain,7
STITA012,Solaris,Testing,Italy,12
HIDEU005,HP-UX,Integration,Germany,5
SSFRA007,Solaris,Staging,France,7
HTESP008,HP-UX,Testing,Spain,8
LDDEU006,Linux,Development,Germany,6
ASESP016,AIX,Staging,Spain,16
LTITA016,Linux,Testing,Italy,16
LDDEU007,Linux,Development,Germany,7
LTESP020,Linux,Testing,Spain,20
LPITA011,Linux,Production,Italy,11
AIITA007,AIX,Integration,Italy,7
ATIRL014,AIX,Testing,Ireland,14
SSIRL035,Solaris,Staging,Ireland,35
SPESP021,Solaris,Production,Spain,21
ASESP017,AIX,Staging,Spain,17
APFRA005,AIX,Production,France,5
STESP009,Solaris,Testing,Spain,9
LSDEU035,Linux,Staging,Germany,35
LPIRL027,Linux,Production,Ireland,27
SPDEU021,Solaris,Production,Germany,21
SSIRL036,Solaris,Staging,Ireland,36
LTFRA009,Linux,Testing,France,9
LSDEU036,Linux,Staging,Germany,36
LPIRL028,Linux,Production,Ireland,28
STIRL028,Solaris,Testing,Ireland,28
SPDEU022,Solaris,Production,Germany,22
LSFRA010,Linux,Staging,France,10
ATIRL015,AIX,Testing,Ireland,15
SSDEU026,Solaris,Staging,Germany,26
SSIRL037,Solaris,Staging,Ireland,37
HPDEU009,HP-UX,Production,Germany,9
LPIRL029,Linux,Production,Ireland,29
SPIRL039,Solaris,Production,Ireland,39
HIFRA003,HP-UX,Integration,France,3
LSESP018,Linux,Staging,Spain,18
LPITA012,Linux,Production,Italy,12
SSIRL038,Solaris,Staging,Ireland,38
LSDEU037,Linux,Staging,Germany,37
LPESP021,Linux,Production,Spain,21
LSITA021,Linux,Staging,Italy,21
ASDEU013,AIX,Staging,Germany,13
LTDEU026,Linux,Testing,Germany,26
SDESP006,Solaris,Development,Spain,6
LTIRL028,Linux,Testing,Ireland,28
LSIRL036,Linux,Staging,Ireland,36
ATFRA007,AIX,Testing,France,7
HTFRA002,HP-UX,Testing,France,2
LPDEU040,Linux,Production,Germany,40
ATITA009,AIX,Testing,Italy,9
ADITA006,AIX,Development,Italy,6
LIFRA007,Linux,Integration,France,7
SPITA013,Solaris,Production,Italy,13
SPDEU023,Solaris,Production,Germany,23
LDIRL019,Linux,Development,Ireland,19
SPIRL040,Solaris,Production,Ireland,40
LPESP022,Linux,Production,Spain,22
SDDEU009,Solaris,Development,Germany,9
LTIRL029,Linux,Testing,Ireland,29
SSESP015,Solaris,Staging,Spain,15
STDEU018,Solaris,Testing,Germany,18
ADESP004,AIX,Development,Spain,4
SSESP016,Solaris,Staging,Spain,16
APNOR004,AIX,Production,Norway,4
STITA013,Solaris,Testing,Italy,13
APFRA006,AIX,Production,France,6
APIRL016,AIX,Production,Ireland,16
LSDEU038,Linux,Staging,Germany,38
LPIRL030,Linux,Production,Ireland,30
SSNOR004,Solaris,Staging,Norway,4
LDESP010,Linux,Development,Spain,10
LTIRL030,Linux,Testing,Ireland,30
SSFRA008,Solaris,Staging,France,8
ADITA007,AIX,Development,Italy,7
SSESP017,Solaris,Staging,Spain,17
HTESP009,HP-UX,Testing,Spain,9
ASDEU014,AIX,Staging,Germany,14
LPESP023,Linux,Production,Spain,23
LSDEU039,Linux,Staging,Germany,39
STIRL029,Solaris,Testing,Ireland,29
SPNOR004,Solaris,Production,Norway,4
SDDEU010,Solaris,Development,Germany,10
LPNOR009,Linux,Production,Norway,9
SIITA009,Solaris,Integration,Italy,9
SDDEU011,Solaris,Development,Germany,11
LTIRL031,Linux,Testing,Ireland,31
STIRL030,Solaris,Testing,Ireland,30
LTESP021,Linux,Testing,Spain,21
ATESP010,AIX,Testing,Spain,10
APITA015,AIX,Production,Italy,15
SSIRL039,Solaris,Staging,Ireland,39
LDESP011,Linux,Development,Spain,11
LSITA022,Linux,Staging,Italy,22
LSDEU040,Linux,Staging,Germany,40
HSIRL011,HP-UX,Staging,Ireland,11
LTDEU027,Linux,Testing,Germany,27
HIIRL004,HP-UX,Integration,Ireland,4
ATDEU012,AIX,Testing,Germany,12
ASIRL022,AIX,Staging,Ireland,22
SPIRL041,Solaris,Production,Ireland,41
LIDEU009,Linux,Integration,Germany,9
LSDEU041,Linux,Staging,Germany,41
AIESP005,AIX,Integration,Spain,5
HSESP009,HP-UX,Staging,Spain,9
LPIRL031,Linux,Production,Ireland,31
LPESP024,Linux,Production,Spain,24
HTIRL007,HP-UX,Testing,Ireland,7
LSESP019,Linux,Staging,Spain,19
STDEU019,Solaris,Testing,Germany,19
LPFRA018,Linux,Production,France,18
LTITA017,Linux,Testing,Italy,17
LTNOR006,Linux,Testing,Norway,6
SIITA010,Solaris,Integration,Italy,10
SDITA009,Solaris,Development,Italy,9
LSDEU042,Linux,Staging,Germany,42
SPITA014,Solaris,Production,Italy,14
LPESP025,Linux,Production,Spain,25
LTFRA010,Linux,Testing,France,10
LTESP022,Linux,Testing,Spain,22
LDIRL020,Linux,Development,Ireland,20
LTITA018,Linux,Testing,Italy,18
LTIRL032,Linux,Testing,Ireland,32
SSIRL040,Solaris,Staging,Ireland,40
LTFRA011,Linux,Testing,France,11
LSFRA011,Linux,Staging,France,11
APDEU014,AIX,Production,Germany,14
SPDEU024,Solaris,Production,Germany,24
SPIRL042,Solaris,Production,Ireland,42
LPDEU041,Linux,Production,Germany,41
APESP012,AIX,Production,Spain,12
SPNOR005,Solaris,Production,Norway,5
LIIRL018,Linux,Integration,Ireland,18
SPITA015,Solaris,Production,Italy,15
ASDEU015,AIX,Staging,Germany,15
SSESP018,Solaris,Staging,Spain,18
HSIRL012,HP-UX,Staging,Ireland,12
LPIRL032,Linux,Production,Ireland,32
LIIRL019,Linux,Integration,Ireland,19
LSDEU043,Linux,Staging,Germany,43
ATIRL016,AIX,Testing,Ireland,16
LPDEU042,Linux,Production,Germany,42
SPNOR006,Solaris,Production,Norway,6
LPIRL033,Linux,Production,Ireland,33
STIRL031,Solaris,Testing,Ireland,31
STDEU020,Solaris,Testing,Germany,20
LSITA023,Linux,Staging,Italy,23
SSNOR005,Solaris,Staging,Norway,5
SDIRL007,Solaris,Development,Ireland,7
HPDEU010,HP-UX,Production,Germany,10
LSIRL037,Linux,Staging,Ireland,37
SIITA011,Solaris,Integration,Italy,11
LTIRL033,Linux,Testing,Ireland,33
ADDEU006,AIX,Development,Germany,6
LSESP020,Linux,Staging,Spain,20
LSESP021,Linux,Staging,Spain,21
ASESP018,AIX,Staging,Spain,18
LIESP006,Linux,Integration,Spain,6
LPFRA019,Linux,Production,France,19
HTIRL008,HP-UX,Testing,Ireland,8
SPNOR007,Solaris,Production,Norway,7
LIITA013,Linux,Integration,Italy,13
SPIRL043,Solaris,Production,Ireland,43
LSESP022,Linux,Staging,Spain,22
STNOR007,Solaris,Testing,Norway,7
SSDEU027,Solaris,Staging,Germany,27
ASIRL023,AIX,Staging,Ireland,23
SSIRL041,Solaris,Staging,Ireland,41
AIDEU004,AIX,Integration,Germany,4
ASFRA004,AIX,Staging,France,4
SSDEU028,Solaris,Staging,Germany,28
LPIRL034,Linux,Production,Ireland,34
HTESP010,HP-UX,Testing,Spain,10
LDESP012,Linux,Development,Spain,12
LSIRL038,Linux,Staging,Ireland,38
LSDEU044,Linux,Staging,Germany,44
SPFRA003,Solaris,Production,France,3
STIRL032,Solaris,Testing,Ireland,32
LSDEU045,Linux,Staging,Germany,45
STDEU021,Solaris,Testing,Germany,21
LSIRL039,Linux,Staging,Ireland,39
LSITA024,Linux,Staging,Italy,24
HPFRA003,HP-UX,Production,France,3
LPITA013,Linux,Production,Italy,13
HTITA008,HP-UX,Testing,Italy,8
ASITA011,AIX,Staging,Italy,11
APESP013,AIX,Production,Spain,13
HTNOR001,HP-UX,Testing,Norway,1
LSESP023,Linux,Staging,Spain,23
APITA016,AIX,Production,Italy,16
SPESP022,Solaris,Production,Spain,22
HTIRL009,HP-UX,Testing,Ireland,9
LDFRA008,Linux,Development,France,8
LSITA025,Linux,Staging,Italy,25
HDITA002,HP-UX,Development,Italy,2
SSFRA009,Solaris,Staging,France,9
ASDEU016,AIX,Staging,Germany,16
HTIRL010,HP-UX,Testing,Ireland,10
LIITA014,Linux,Integration,Italy,14
SIIRL010,Solaris,Integration,Ireland,10
STESP010,Solaris,Testing,Spain,10
LTIRL034,Linux,Testing,Ireland,34
LPIRL035,Linux,Production,Ireland,35
AIIRL009,AIX,Integration,Ireland,9
LIIRL020,Linux,Integration,Ireland,20
LIITA015,Linux,Integration,Italy,15
LPITA014,Linux,Production,Italy,14
HTIRL011,HP-UX,Testing,Ireland,11
APITA017,AIX,Production,Italy,17
LSIRL040,Linux,Staging,Ireland,40
ASITA012,AIX,Staging,Italy,12
ATESP011,AIX,Testing,Spain,11
SPIRL044,Solaris,Production,Ireland,44
APESP014,AIX,Production,Spain,14
HPIRL013,HP-UX,Production,Ireland,13
ASIRL024,AIX,Staging,Ireland,24
LIIRL021,Linux,Integration,Ireland,21
ATIRL017,AIX,Testing,Ireland,17
HDDEU006,HP-UX,Development,Germany,6
APFRA007,AIX,Production,France,7
LSIRL041,Linux,Staging,Ireland,41
LSIRL042,Linux,Staging,Ireland,42
LSIRL043,Linux,Staging,Ireland,43
ASIRL025,AIX,Staging,Ireland,25
APDEU015,AIX,Production,Germany,15
ASDEU017,AIX,Staging,Germany,17
SPDEU025,Solaris,Production,Germany,25
LPDEU043,Linux,Production,Germany,43
LPITA015,Linux,Production,Italy,15
SIDEU012,Solaris,Integration,Germany,12
LTITA019,Linux,Testing,Italy,19
LPIRL036,Linux,Production,Ireland,36
ASIRL026,AIX,Staging,Ireland,26
LTIRL035,Linux,Testing,Ireland,35
ATITA010,AIX,Testing,Italy,10
ASDEU018,AIX,Staging,Germany,18
SDDEU012,Solaris,Development,Germany,12
STITA014,Solaris,Testing,Italy,14
HSDEU010,HP-UX,Staging,Germany,10
ASDEU019,AIX,Staging,Germany,19
LSESP024,Linux,Staging,Spain,24
ASIRL027,AIX,Staging,Ireland,27
ASITA013,AIX,Staging,Italy,13
AIESP006,AIX,Integration,Spain,6
LTIRL036,Linux,Testing,Ireland,36
HDDEU007,HP-UX,Development,Germany,7
LTESP023,Linux,Testing,Spain,23
LTNOR007,Linux,Testing,Norway,7
APESP015,AIX,Production,Spain,15
STESP011,Solaris,Testing,Spain,11
SPITA016,Solaris,Production,Italy,16
HTIRL012,HP-UX,Testing,Ireland,12
LTNOR008,Linux,Testing,Norway,8
AIIRL010,AIX,Integration,Ireland,10
LPFRA020,Linux,Production,France,20
HPFRA004,HP-UX,Production,France,4
APITA018,AIX,Production,Italy,18
HPESP011,HP-UX,Production,Spain,11
LTDEU028,Linux,Testing,Germany,28
SIIRL011,Solaris,Integration,Ireland,11
HSESP010,HP-UX,Staging,Spain,10
LIESP007,Linux,Integration,Spain,7
LDIRL021,Linux,Development,Ireland,21
LDESP013,Linux,Development,Spain,13
SPDEU026,Solaris,Production,Germany,26
ASIRL028,AIX,Staging,Ireland,28
HDESP002,HP-UX,Development,Spain,2
SIDEU013,Solaris,Integration,Germany,13
LDIRL022,Linux,Development,Ireland,22
STIRL033,Solaris,Testing,Ireland,33
STITA015,Solaris,Testing,Italy,15
ATIRL018,AIX,Testing,Ireland,18
LPDEU044,Linux,Production,Germany,44
SPDEU027,Solaris,Production,Germany,27
AIESP007,AIX,Integration,Spain,7
STIRL034,Solaris,Testing,Ireland,34
HSDEU011,HP-UX,Staging,Germany,11
LDDEU008,Linux,Development,Germany,8
STITA016,Solaris,Testing,Italy,16
STIRL035,Solaris,Testing,Ireland,35
LDDEU009,Linux,Development,Germany,9
SSIRL042,Solaris,Staging,Ireland,42
APFRA008,AIX,Production,France,8
SPIRL045,Solaris,Production,Ireland,45
LSDEU046,Linux,Staging,Germany,46
SSIRL043,Solaris,Staging,Ireland,43
LSESP025,Linux,Staging,Spain,25
SIIRL012,Solaris,Integration,Ireland,12
LTIRL037,Linux,Testing,Ireland,37
HTDEU007,HP-UX,Testing,Germany,7
LPDEU045,Linux,Production,Germany,45
LIDEU010,Linux,Integration,Germany,10
LIIRL022,Linux,Integration,Ireland,22
SIDEU014,Solaris,Integration,Germany,14
LTIRL038,Linux,Testing,Ireland,38
SSITA020,Solaris,Staging,Italy,20
LSNOR005,Linux,Staging,Norway,5
STIRL036,Solaris,Testing,Ireland,36
SDIRL008,Solaris,Development,Ireland,8
LTITA020,Linux,Testing,Italy,20
LTIRL039,Linux,Testing,Ireland,39
LPDEU046,Linux,Production,Germany,46
LIITA016,Linux,Integration,Italy,16
LPESP026,Linux,Production,Spain,26
LPNOR010,Linux,Production,Norway,10
LDIRL023,Linux,Development,Ireland,23
HSESP011,HP-UX,Staging,Spain,11
SSDEU029,Solaris,Staging,Germany,29
SPDEU028,Solaris,Production,Germany,28
LDIRL024,Linux,Development,Ireland,24
SPESP023,Solaris,Production,Spain,23
HIIRL005,HP-UX,Integration,Ireland,5
LTDEU029,Linux,Testing,Germany,29
SPITA017,Solaris,Production,Italy,17
HPIRL014,HP-UX,Production,Ireland,14
SSFRA010,Solaris,Staging,France,10
SSFRA011,Solaris,Staging,France,11
LSITA026,Linux,Staging,Italy,26
AIFRA003,AIX,Integration,France,3
SDDEU013,Solaris,Development,Germany,13
ADIRL009,AIX,Development,Ireland,9
LSFRA012,Linux,Staging,France,12
STIRL037,Solaris,Testing,Ireland,37
SSDEU030,Solaris,Staging,Germany,30
LSESP026,Linux,Staging,Spain,26
ATDEU013,AIX,Testing,Germany,13
SPNOR008,Solaris,Production,Norway,8
APDEU016,AIX,Production,Germany,16
HIDEU006,HP-UX,Integration,Germany,6
SSIRL044,Solaris,Staging,Ireland,44
LSIRL044,Linux,Staging,Ireland,44
LIESP008,Linux,Integration,Spain,8
SSFRA012,Solaris,Staging,France,12
STIRL038,Solaris,Testing,Ireland,38
ADFRA001,AIX,Development,France,1
LTIRL040,Linux,Testing,Ireland,40
APESP016,AIX,Production,Spain,16
LPESP027,Linux,Production,Spain,27
APDEU017,AIX,Production,Germany,17
LTESP024,Linux,Testing,Spain,24
SSIRL045,Solaris,Staging,Ireland,45
SSIRL046,Solaris,Staging,Ireland,46
LTITA021,Linux,Testing,Italy,21
SSESP019,Solaris,Staging,Spain,19
LPIRL037,Linux,Production,Ireland,37
LSDEU047,Linux,Staging,Germany,47
STITA017,Solaris,Testing,Italy,17
SSITA021,Solaris,Staging,Italy,21
LTITA022,Linux,Testing,Italy,22
SSITA022,Solaris,Staging,Italy,22
HIITA007,HP-UX,Integration,Italy,7
ADDEU007,AIX,Development,Germany,7
ATDEU014,AIX,Testing,Germany,14
LPFRA021,Linux,Production,France,21
LPIRL038,Linux,Production,Ireland,38
ASIRL029,AIX,Staging,Ireland,29
ADDEU008,AIX,Development,Germany,8
SPESP024,Solaris,Production,Spain,24
ATITA011,AIX,Testing,Italy,11
LTESP025,Linux,Testing,Spain,25
SSIRL047,Solaris,Staging,Ireland,47
SDITA010,Solaris,Development,Italy,10
STESP012,Solaris,Testing,Spain,12
SSESP020,Solaris,Staging,Spain,20
SSESP021,Solaris,Staging,Spain,21
SSDEU031,Solaris,Staging,Germany,31
APIRL017,AIX,Production,Ireland,17
SINOR003,Solaris,Integration,Norway,3
STITA018,Solaris,Testing,Italy,18
SPITA018,Solaris,Production,Italy,18
ASITA014,AIX,Staging,Italy,14
SPIRL046,Solaris,Production,Ireland,46
ATDEU015,AIX,Testing,Germany,15
